,dataset,train_ratio,concepts,f1_scope,accuracy
bank,1,0.16,30,0.7590140558158484,0.7183333333333334
bikes,2,0.8,8,0.6,0.64
car_accept,3,0.411522633744856,15,0.9354838709677419,0.958041958041958
